No,Nama,Class,Rating,Rater,Facility,Price
0,DoubleTree by Hilton Hotel Jakarta - Diponegoro,5-star hotel,4.6,"(9,800)","['Breakfast ($)', 'Wi-Fi ($)', 'Free parking', 'Outdoor pool', 'Air conditioning', 'Fitness centre', 'Spa', 'Bar']","IDR 1,633,500"
1,favehotel Melawai,3-star hotel,4.2,"(2,482)","['Breakfast', 'Free Wi-Fi', 'Free parking', 'Air conditioning', 'Restaurant', 'Room service', 'Airport shuttle', 'Full-service laundry']","IDR 315,858"
2,B Shaw Hotel,3-star hotel,4.0,(414),"['Free Wi-Fi', 'Air conditioning']","IDR 169,290"
3,Aryaduta Jakarta,5-star hotel,4.5,"(10,400)","['Breakfast', 'Free Wi-Fi', 'Free parking', 'Outdoor pool', 'Hot tub', 'Air conditioning', 'Fitness centre', 'Spa']","IDR 556,292"
4,Hotel Indonesia Kempinski Jakarta,5-star hotel,4.7,"(18,071)","['Breakfast', 'Free Wi-Fi', 'Free parking', 'Outdoor pool', 'Hot tub', 'Air conditioning', 'Fitness centre', 'Spa']","IDR 2,851,264"
5,Green Bamboo Residence,2-star hotel,4.2,"(1,630)","['Breakfast', 'Free Wi-Fi', 'Free parking', 'Air conditioning', 'Restaurant', 'Room service', 'Full-service laundry', 'Accessible']","IDR 184,768"
6,éL Hotel Royale Jakarta,4-star hotel,4.3,"(3,660)","['Free breakfast', 'Free Wi-Fi', 'Free parking', 'Outdoor pool', 'Air conditioning', 'Fitness centre', 'Spa', 'Bar']","IDR 463,180"
7,Hotel Ciputra Jakarta,4-star hotel,4.6,"(12,511)","['Breakfast ($)', 'Free Wi-Fi', 'Free parking', 'Outdoor pool', 'Air conditioning', 'Fitness centre', 'Spa', 'Bar']","IDR 589,888"
8,All Seasons Jakarta Thamrin,3-star hotel,4.4,"(4,111)","['Breakfast', 'Free Wi-Fi', 'Free parking', 'Air conditioning', 'Fitness centre', 'Spa', 'Bar', 'Restaurant']","IDR 627,026"
9,1O1 URBAN Jakarta Thamrin,3-star hotel,4.3,"(4,260)","['Breakfast', 'Free Wi-Fi', 'Free parking', 'Outdoor pool', 'Air conditioning', 'Bar', 'Restaurant', 'Room service']","IDR 507,000"
10,The Jayakarta SP Jakarta Hotel & Spa,4-star hotel,4.2,"(3,685)","['Breakfast', 'Free Wi-Fi', 'Free parking', 'Outdoor pool', 'Hot tub', 'Air conditioning', 'Fitness centre', 'Spa']","IDR 302,385"
11,"Goodrich Suites, ARTOTEL Portfolio",5-star hotel,4.5,"(1,714)","['Breakfast ($)', 'Free Wi-Fi', 'Free parking', 'Outdoor pool', 'Hot tub', 'Air conditioning', 'Fitness centre', 'Bar']","IDR 929,542"
12,ibis Jakarta Arcadia,3-star hotel,4.2,"(1,611)","['Breakfast', 'Free Wi-Fi', 'Free parking', 'Air conditioning', 'Spa', 'Restaurant', 'Room service', 'Airport shuttle']","IDR 456,363"
13,ARTOTEL Thamrin - Jakarta,3-star hotel,4.4,"(3,832)","['Free breakfast', 'Free Wi-Fi', 'Free parking', 'Air conditioning', 'Spa', 'Bar', 'Restaurant', 'Room service']","IDR 541,659"
14,"Goodrich Suites, ARTOTEL Portfolio",5-star hotel,4.5,"(1,714)","['Breakfast ($)', 'Free Wi-Fi', 'Free parking', 'Outdoor pool', 'Hot tub', 'Air conditioning', 'Fitness centre', 'Bar']","IDR 929,542"
15,ibis Jakarta Arcadia,3-star hotel,4.2,"(1,611)","['Breakfast', 'Free Wi-Fi', 'Free parking', 'Air conditioning', 'Spa', 'Restaurant', 'Room service', 'Airport shuttle']","IDR 456,363"
16,ARTOTEL Thamrin - Jakarta,3-star hotel,4.4,"(3,832)","['Free breakfast', 'Free Wi-Fi', 'Free parking', 'Air conditioning', 'Spa', 'Bar', 'Restaurant', 'Room service']","IDR 541,659"
17,Hotel Santika Premiere Slipi Jakarta,4-star hotel,4.5,"(7,743)","['Breakfast', 'Free Wi-Fi', 'Free parking', 'Outdoor pool', 'Hot tub', 'Air conditioning', 'Fitness centre', 'Spa']","IDR 649,950"
18,Wyndham Casablanca Jakarta,5-star hotel,4.6,"(2,051)","['Breakfast ($)', 'Free Wi-Fi', 'Parking ($)', 'Outdoor pool', 'Air conditioning', 'Fitness centre', 'Spa', 'Bar']",GREAT DEAL
19,Hotel Borobudur Jakarta,5-star hotel,4.6,"(17,486)","['Breakfast', 'Free Wi-Fi', 'Free parking', 'Outdoor pool', 'Hot tub', 'Air conditioning', 'Fitness centre', 'Spa']",GREAT DEAL
20,Mercure Jakarta Gatot Subroto,4-star hotel,4.5,"(3,277)","['Breakfast', 'Free Wi-Fi', 'Free parking', 'Pool', 'Air conditioning', 'Fitness centre', 'Spa', 'Bar']","IDR 781,642"
21,OYO Townhouse 1 Hotel Salemba,3-star hotel,4.0,(879),"['Free breakfast', 'Free Wi-Fi', 'Free parking', 'Air conditioning', 'Room service', 'Full-service laundry', 'Child-friendly']",DEAL
22,Manhattan Hotel Jakarta,5-star hotel,4.3,"(6,185)","['Breakfast', 'Free Wi-Fi', 'Free parking', 'Outdoor pool', 'Hot tub', 'Air conditioning', 'Fitness centre', 'Spa']","IDR 745,984"
23,Royal Kuningan Hotel,4-star hotel,4.4,"(5,774)","['Breakfast', 'Free Wi-Fi', 'Free parking', 'Outdoor pool', 'Air conditioning', 'Fitness centre', 'Spa', 'Restaurant']","IDR 571,558"
24,Heef Hotel,3-star hotel,4.3,"(1,414)","['Free breakfast', 'Free Wi-Fi', 'Free parking', 'Air conditioning', 'Restaurant', 'Room service', 'Airport shuttle', 'Full-service laundry']","IDR 316,306"
25,Pullman Jakarta Central Park,5-star hotel,4.6,"(7,862)","['Breakfast', 'Free Wi-Fi', 'Free parking', 'Outdoor pool', 'Air conditioning', 'Fitness centre', 'Spa', 'Bar']","IDR 2,143,243"
26,Swiss-Belinn Wahid Hasyim,3-star hotel,4.5,(535),"['Free breakfast', 'Free Wi-Fi', 'Free parking', 'Air conditioning', 'Bar', 'Restaurant', 'Room service', 'Full-service laundry']","IDR 513,926"
27,Best Western Premier The Hive,4-star hotel,4.4,"(7,751)","['Breakfast', 'Free Wi-Fi', 'Free parking', 'Outdoor pool', 'Air conditioning', 'Fitness centre', 'Spa', 'Bar']","IDR 471,548"
28,Pullman Jakarta Indonesia Thamrin CBD,5-star hotel,4.7,"(12,773)","['Breakfast', 'Free Wi-Fi', 'Free parking', 'Indoor pool', 'Hot tub', 'Air conditioning', 'Fitness centre', 'Spa']","IDR 1,838,403"
29,Menara Peninsula Hotel,4-star hotel,4.4,"(7,494)","['Breakfast', 'Free Wi-Fi', 'Free parking', 'Outdoor pool', 'Hot tub', 'Air conditioning', 'Fitness centre', 'Spa']","IDR 403,281"
30,Grand Sahid Jaya,5-star hotel,4.4,"(10,239)","['Free breakfast', 'Free Wi-Fi', 'Free parking', 'Outdoor pool', 'Hot tub', 'Air conditioning', 'Fitness centre', 'Spa']","IDR 843,331"
31,HARRIS Hotel Tebet - Jakarta,4-star hotel,4.4,"(6,015)","['Breakfast ($)', 'Free Wi-Fi', 'Parking ($)', 'Outdoor pool', 'Air conditioning', 'Fitness centre', 'Spa', 'Bar']","IDR 523,459"
32,The Acacia Hotel & Resort,4-star hotel,4.2,"(3,792)","['Free breakfast', 'Free Wi-Fi', 'Parking ($)', 'Outdoor pool', 'Air conditioning', 'Fitness centre', 'Spa', 'Bar']","IDR 475,407"
33,Harris Suites fX Sudirman - Jakarta,4-star hotel,4.5,"(4,583)","['Breakfast ($)', 'Free Wi-Fi', 'Free parking', 'Outdoor pool', 'Air conditioning', 'Fitness centre', 'Restaurant', 'Room service']","IDR 813,278"
34,Merlynn Park,5-star hotel,4.4,"(9,072)","['Free breakfast', 'Free Wi-Fi', 'Free parking', 'Pools', 'Hot tub', 'Air conditioning', 'Fitness centre', 'Spa']","IDR 634,856"
35,Tamarin Hotel Jakarta,3-star hotel,4.3,"(2,773)","['Breakfast', 'Free Wi-Fi', 'Free parking', 'Outdoor pool', 'Air conditioning', 'Fitness centre', 'Spa', 'Restaurant']",GREAT DEAL
36,Topaz Residence,3-star hotel,4.3,(788),"['Free breakfast', 'Free Wi-Fi', 'Free parking', 'Air conditioning', 'Restaurant', 'Room service', 'Full-service laundry', 'Child-friendly']","IDR 225,535"
37,Best Western Plus Kemayoran Hotel,4-star hotel,4.3,"(4,523)","['Breakfast', 'Free Wi-Fi', 'Free parking', 'Outdoor pool', 'Air conditioning', 'Fitness centre', 'Spa', 'Restaurant']","IDR 379,910"
38,"The Langham, Jakarta",5-star hotel,4.7,(790),"['Breakfast', 'Free Wi-Fi', 'Free parking', 'Pools', 'Hot tub', 'Air conditioning', 'Fitness centre', 'Spa']","IDR 3,366,000"
39,ibis Jakarta Senen,3-star hotel,4.3,"(2,673)","['Breakfast', 'Free Wi-Fi', 'Free parking', 'Air conditioning', 'Restaurant', 'Room service', 'Full-service laundry', 'Accessible']","IDR 377,246"
40,Akmani Hotel Jakarta,4-star hotel,4.2,"(2,883)","['Breakfast', 'Free Wi-Fi', 'Free parking', 'Pool', 'Hot tub', 'Air conditioning', 'Fitness centre', 'Spa']",DEAL
41,Sari Pacific Jakarta,4-star hotel,4.5,"(8,544)","['Breakfast', 'Free Wi-Fi', 'Free parking', 'Outdoor pool', 'Hot tub', 'Air conditioning', 'Fitness centre', 'Spa']",DEAL
42,favehotel Melawai,3-star hotel,4.2,"(2,482)","['Breakfast', 'Free Wi-Fi', 'Free parking', 'Air conditioning', 'Restaurant', 'Room service', 'Airport shuttle', 'Full-service laundry']","IDR 315,858"
43,Mercure Jakarta Sabang,4-star hotel,4.4,"(5,097)","['Breakfast', 'Free Wi-Fi', 'Free parking', 'Outdoor pool', 'Air conditioning', 'Fitness centre', 'Spa', 'Bar']","IDR 854,133"
44,Ambhara Hotel,4-star hotel,4.3,"(5,710)","['Breakfast', 'Free Wi-Fi', 'Free parking', 'Outdoor pool', 'Air conditioning', 'Fitness centre', 'Spa', 'Bar']",GREAT DEAL
45,Hotel NEO+ Kebayoran,3-star hotel,4.4,"(2,520)","['Free breakfast', 'Free Wi-Fi', 'Parking', 'Outdoor pool', 'Air conditioning', 'Spa', 'Restaurant', 'Room service']","IDR 348,274"
46,POP! Hotel Kelapa Gading Jakarta,3-star hotel,4.2,"(1,880)","['Breakfast', 'Free Wi-Fi', 'Air conditioning', 'Restaurant', 'Room service', 'Full-service laundry', 'Accessible', 'Child-friendly']","IDR 324,715"
47,Hotel GranDhika Iskandarsyah,4-star hotel,4.5,"(5,256)","['Free breakfast', 'Free Wi-Fi', 'Free parking', 'Outdoor pool', 'Hot tub', 'Air conditioning', 'Fitness centre', 'Spa']","IDR 576,709"
48,favehotel Pasar Baru,3-star hotel,4.3,"(1,901)","['Breakfast', 'Free Wi-Fi', 'Free parking', 'Air conditioning', 'Restaurant', 'Room service', 'Airport shuttle', 'Full-service laundry']","IDR 292,862"
49,Millennium Hotel Sirih Jakarta,4-star hotel,4.5,"(9,539)","['Breakfast', 'Free Wi-Fi', 'Free parking', 'Outdoor pool', 'Hot tub', 'Air conditioning', 'Fitness centre', 'Spa']","IDR 576,358"
50,Morrissey Hotel,4-star hotel,4.6,"(4,483)","['Breakfast', 'Free Wi-Fi', 'Free parking', 'Pool', 'Air conditioning', 'Fitness centre', 'Spa', 'Restaurant']","IDR 1,002,763"
51,Hotel Rivoli Jakarta,3-star hotel,4.2,"(2,394)","['Free breakfast', 'Free Wi-Fi', 'Free parking', 'Air conditioning', 'Fitness centre', 'Spa', 'Bar', 'Restaurant']","IDR 277,667"
52,Artotel Suites Mangkuluhur Jakarta,5-star hotel,4.4,"(4,722)","['Breakfast ($)', 'Free Wi-Fi', 'Free parking', 'Outdoor pool', 'Air conditioning', 'Fitness centre', 'Spa', 'Bar']","IDR 1,219,520"
53,Park5 Simatupang,3-star hotel,4.5,"(3,326)","['Breakfast', 'Free Wi-Fi', 'Free parking', 'Outdoor pool', 'Air conditioning', 'Fitness centre', 'Spa', 'Bar']","IDR 470,488"
54,Red Planet Jakarta Pasar Baru,3-star hotel,4.3,"(3,037)","['Breakfast ($)', 'Free Wi-Fi', 'Free parking', 'Air conditioning', 'Restaurant', 'Accessible', 'Child-friendly', 'Smoke-free property']","IDR 248,796"
55,JS Luwansa,4-star hotel,4.5,"(7,792)","['Breakfast', 'Free Wi-Fi', 'Free parking', 'Outdoor pool', 'Air conditioning', 'Fitness centre', 'Spa', 'Bar']","IDR 898,768"
56,The Grove Suites,5-star hotel,4.5,"(2,841)","['Free breakfast', 'Free Wi-Fi', 'Free parking', 'Outdoor pool', 'Air conditioning', 'Fitness centre', 'Spa', 'Restaurant']","IDR 905,283"
57,Sentral Cawang Hotel Jakarta,3-star hotel,4.4,"(5,086)","['Free breakfast', 'Free Wi-Fi', 'Free parking', 'Outdoor pool', 'Air conditioning', 'Spa', 'Bar', 'Restaurant']","IDR 292,761"
58,AONE Hotel Jakarta,4-star hotel,4.3,"(3,686)","['Breakfast', 'Free Wi-Fi', 'Free parking', 'Outdoor pool', 'Fitness centre', 'Restaurant', 'Room service', 'Full-service laundry']","IDR 570,000"
59,Hotel Santika Taman Mini Indonesia Indah,3-star hotel,4.3,"(3,758)","['Breakfast', 'Free Wi-Fi', 'Free parking', 'Outdoor pool', 'Air conditioning', 'Fitness centre', 'Spa', 'Restaurant']","IDR 608,112"
60,Century Park,4-star hotel,4.5,"(10,212)","['Free breakfast', 'Free Wi-Fi', 'Free parking', 'Outdoor pool', 'Air conditioning', 'Fitness centre', 'Spa', 'Bar']",DEAL
61,Hotel Kartika Chandra,4-star hotel,4.3,"(6,269)","['Breakfast', 'Free Wi-Fi', 'Free parking', 'Outdoor pool', 'Air conditioning', 'Fitness centre', 'Spa', 'Restaurant']","IDR 472,730"
62,Santika Premiere Hayam Wuruk,4-star hotel,4.5,"(4,288)","['Free breakfast', 'Free Wi-Fi', 'Free parking', 'Indoor pool', 'Air conditioning', 'Fitness centre', 'Spa', 'Bar']","IDR 526,899"
63,Hotel Marcopolo Jakarta,3-star hotel,4.3,"(1,064)","['Free breakfast', 'Free Wi-Fi', 'Free parking', 'Outdoor pool', 'Air conditioning', 'Restaurant', 'Room service', 'Full-service laundry']","IDR 495,479"
64,Sunlake Hotel,4-star hotel,4.4,"(7,683)","['Breakfast', 'Free Wi-Fi', 'Parking ($)', 'Outdoor pool', 'Hot tub', 'Air conditioning', 'Fitness centre', 'Bar']","IDR 512,000"
65,The Sultan Hotel & Residence Jakarta,5-star hotel,4.6,"(12,736)","['Free breakfast', 'Free Wi-Fi', 'Free parking', 'Outdoor pool', 'Hot tub', 'Air conditioning', 'Fitness centre', 'Spa']","IDR 960,333"
66,favehotel PGC Cililitan,3-star hotel,4.3,"(10,550)","['Breakfast', 'Free Wi-Fi', 'Free parking', 'Air conditioning', 'Spa', 'Restaurant', 'Room service', 'Full-service laundry']","IDR 294,078"
67,Grand Cemara Hotel,3-star hotel,4.1,"(1,793)","['Free breakfast', 'Free Wi-Fi', 'Free parking', 'Outdoor pool', 'Air conditioning', 'Spa', 'Restaurant', 'Room service']",DEAL
68,POP! Hotel Tebet,2-star hotel,4.1,"(2,835)","['Free breakfast', 'Free Wi-Fi', 'Free parking', 'Air conditioning', 'Restaurant', 'Room service', 'Full-service laundry', 'Child-friendly']","IDR 303,600"
69,Grand Mercure Jakarta Harmoni,5-star hotel,4.5,"(7,819)","['Breakfast', 'Free Wi-Fi', 'Free parking', 'Pool', 'Hot tub', 'Air conditioning', 'Fitness centre', 'Spa']","IDR 1,140,755"
70,Amaris Hotel Thamrin City,2-star hotel,4.2,"(4,188)","['Free breakfast', 'Free Wi-Fi', 'Free parking', 'Air conditioning', 'Restaurant', 'Room service', 'Full-service laundry', 'Accessible']","IDR 295,901"
71,Grand Picasso Hotel,3-star hotel,4.4,(936),"['Breakfast ($)', 'Free Wi-Fi', 'Free parking', 'Air conditioning', 'Spa', 'Bar', 'Restaurant', 'Room service']","IDR 384,874"
72,Mercure Convention Center Ancol,4-star hotel,4.4,"(10,554)","['Breakfast', 'Free Wi-Fi', 'Free parking', 'Outdoor pool', 'Air conditioning', 'Fitness centre', 'Spa', 'Beach access']","IDR 804,065"
73,Amaris Hotel La Codefin Kemang,3-star hotel,4.2,"(1,949)","['Free breakfast', 'Free Wi-Fi', 'Parking', 'Air conditioning', 'Restaurant', 'Room service', 'Full-service laundry', 'Accessible']","IDR 298,535"
74,Amaris Hotel La Codefin Kemang,3-star hotel,4.2,"(1,949)","['Free breakfast', 'Free Wi-Fi', 'Parking', 'Air conditioning', 'Restaurant', 'Room service', 'Full-service laundry', 'Accessible']","IDR 298,757"
75,Blue Sky Hotel Petamburan,3-star hotel,4.2,"(1,869)","['Free breakfast', 'Free Wi-Fi', 'Free parking', 'Pool', 'Air conditioning', 'Fitness centre', 'Spa', 'Restaurant']","IDR 409,372"
76,An Hotel Jakarta,2-star hotel,3.8,(711),"['Free Wi-Fi', 'Air conditioning', 'Restaurant', 'Room service', 'Full-service laundry']","IDR 245,743"
77,Hotel Mulia Senayan Jakarta,5-star hotel,4.7,"(18,395)","['Free breakfast', 'Wi-Fi', 'Parking', 'Outdoor pool', 'Hot tub', 'Air conditioning', 'Fitness centre', 'Spa']","IDR 2,622,675"
78,Whiz Hotel Cikini Jakarta,2-star hotel,4.1,"(2,892)","['Free breakfast', 'Free Wi-Fi', 'Parking', 'Air conditioning', 'Restaurant', 'Room service', 'Full-service laundry', 'Child-friendly']","IDR 334,396"
79,DiscoveryAncol,4-star hotel,4.3,"(3,727)","['Breakfast', 'Free Wi-Fi', 'Free parking', 'Outdoor pool', 'Hot tub', 'Air conditioning', 'Fitness centre', 'Spa']","IDR 612,367"
80,DoubleTree by Hilton Hotel Jakarta - Diponegoro,5-star hotel,4.6,"(9,800)","['Breakfast ($)', 'Wi-Fi ($)', 'Free parking', 'Outdoor pool', 'Air conditioning', 'Fitness centre', 'Spa', 'Bar']","IDR 1,622,837"
81,YELLO Hotel Harmoni Jakarta,3-star hotel,4.5,"(5,491)","['Breakfast', 'Free Wi-Fi', 'Free parking', 'Air conditioning', 'Fitness centre', 'Bar', 'Restaurant', 'Room service']","IDR 437,354"
82,Park Hotel Jakarta,3-star hotel,4.3,"(3,797)","['Breakfast', 'Free Wi-Fi', 'Free parking', 'Outdoor pool', 'Air conditioning', 'Fitness centre', 'Spa', 'Bar']",DEAL
83,Juno Tanah Abang Jakarta,3-star hotel,4.4,"(2,544)","['Free breakfast', 'Free Wi-Fi', 'Free parking', 'Air conditioning', 'Restaurant', 'Room service', 'Airport shuttle', 'Full-service laundry']","IDR 392,143"
84,THE 1O1 Jakarta Sedayu Darmawangsa,4-star hotel,4.5,"(2,630)","['Breakfast', 'Free Wi-Fi', 'Free parking', 'Outdoor pool', 'Air conditioning', 'Fitness centre', 'Spa', 'Restaurant']","IDR 558,612"
85,Cosmo Amaroossa Jakarta,4-star hotel,4.3,"(3,186)","['Free breakfast', 'Free Wi-Fi', 'Free parking', 'Outdoor pool', 'Air conditioning', 'Fitness centre', 'Spa', 'Bar']","IDR 396,899"
86,Verse Luxe Hotel Wahid Hasyim,3-star hotel,4.2,"(2,101)","['Free breakfast', 'Free Wi-Fi', 'Free parking', 'Air conditioning', 'Restaurant', 'Room service', 'Full-service laundry', 'Child-friendly']","IDR 409,159"
87,Grand Hyatt Jakarta,5-star hotel,4.7,"(6,730)","['Breakfast ($)', 'Free Wi-Fi', 'Parking ($)', 'Outdoor pool', 'Hot tub', 'Air conditioning', 'Fitness centre', 'Bar']","IDR 3,603,494"
88,HARRIS Vertu Hotel Harmoni - Jakarta,4-star hotel,4.6,"(7,411)","['Breakfast', 'Free Wi-Fi', 'Free parking', 'Outdoor pool', 'Air conditioning', 'Fitness centre', 'Spa', 'Restaurant']","IDR 736,968"
89,1O1 URBAN Jakarta Kelapa Gading (The BnB),3-star hotel,4.3,"(3,264)","['Breakfast', 'Free Wi-Fi', 'Free parking', 'Air conditioning', 'Restaurant', 'Room service', 'Airport shuttle', 'Full-service laundry']","IDR 300,016"
90,Swiss-Belresidences Rasuna Epicentrum,4-star hotel,4.5,(906),"['Free breakfast', 'Free Wi-Fi', 'Free parking', 'Outdoor pool', 'Air conditioning', 'Fitness centre', 'Spa', 'Restaurant']","IDR 576,300"
91,Ana Hotel,3-star hotel,4.3,"(1,142)","['Free breakfast', 'Free Wi-Fi', 'Free parking', 'Air conditioning', 'Restaurant', 'Room service', 'Airport shuttle', 'Full-service laundry']","IDR 408,062"
92,Clay Hotel,2-star hotel,4.0,"(1,547)","['Free breakfast', 'Free Wi-Fi', 'Air conditioning', 'Restaurant', 'Room service', 'Full-service laundry', 'Child-friendly']","IDR 244,947"
93,Amaris Hotel Tendean Jakarta,2-star hotel,4.1,"(1,760)","['Free breakfast', 'Free Wi-Fi', 'Free parking', 'Air conditioning', 'Restaurant', 'Room service', 'Full-service laundry', 'Accessible']","IDR 331,762"
94,Gran Meliá Jakarta,5-star hotel,4.6,"(7,505)","['Breakfast', 'Free Wi-Fi', 'Free parking', 'Outdoor pool', 'Air conditioning', 'Fitness centre', 'Spa', 'Bar']","IDR 1,935,426"
95,"La Boheme, Rooms and Coffee",3-star hotel,4.5,(863),"['Free Wi-Fi', 'Free parking', 'Air conditioning', 'Restaurant', 'Room service', 'Full-service laundry']","IDR 425,961"
96,"Holiday Inn Express Jakarta Matraman, an IHG Hotel",3-star hotel,4.6,"(1,576)","['Free breakfast', 'Free Wi-Fi', 'Free parking', 'Air conditioning', 'Fitness centre', 'Restaurant', 'Accessible', 'Child-friendly']","IDR 513,368"
97,Ayana Midplaza Jakarta,5-star hotel,4.7,"(8,540)","['Breakfast', 'Free Wi-Fi', 'Free parking', 'Outdoor pool', 'Hot tub', 'Air conditioning', 'Fitness centre', 'Spa']","IDR 2,099,374"
98,HARRIS Hotel & Conventions Kelapa Gading,4-star hotel,4.6,"(3,932)","['Breakfast', 'Free Wi-Fi', 'Free parking', 'Air conditioning', 'Restaurant', 'Room service', 'Airport shuttle', 'Full-service laundry']","IDR 703,741"
99,Jambuluwuk Thamrin Hotel,3-star hotel,4.5,(567),"['Free breakfast', 'Free Wi-Fi', 'Free parking', 'Outdoor pool', 'Air conditioning', 'Fitness centre', 'Restaurant', 'Room service']","IDR 551,637"
100,Le Meridien Jakarta,5-star hotel,4.6,"(10,357)","['Breakfast ($)', 'Free Wi-Fi', 'Free parking', 'Outdoor pool', 'Hot tub', 'Air conditioning', 'Fitness centre', 'Spa']","IDR 2,104,334"
101,POP! Hotel Pasar Baru Jakarta,3-star hotel,4.4,"(2,171)","['Breakfast', 'Free Wi-Fi', 'Free parking', 'Air conditioning', 'Restaurant', 'Room service', 'Full-service laundry', 'Accessible']","IDR 303,803"
102,Lumire Hotel & Convention Center,4-star hotel,4.4,"(6,094)","['Free breakfast', 'Free Wi-Fi', 'Free parking', 'Outdoor pool', 'Air conditioning', 'Fitness centre', 'Spa', 'Bar']","IDR 766,972"
103,"The Ritz-Carlton Jakarta, Mega Kuningan",5-star hotel,4.7,"(10,070)","['Breakfast ($)', 'Free Wi-Fi', 'Free parking', 'Outdoor pool', 'Hot tub', 'Air conditioning', 'Fitness centre', 'Spa']","IDR 3,483,553"
104,Oria Hotel,3-star hotel,4.3,"(2,024)","['Breakfast', 'Free Wi-Fi', 'Free parking', 'Air conditioning', 'Restaurant', 'Room service', 'Full-service laundry', 'Accessible']","IDR 456,553"
105,Hotel Raffles Jakarta,5-star hotel,4.8,"(8,012)","['Breakfast', 'Free Wi-Fi', 'Free parking', 'Outdoor pool', 'Hot tub', 'Air conditioning', 'Fitness centre', 'Spa']","IDR 3,797,865"
106,Hotel Monopoli,3-star hotel,4.3,"(1,476)","['Breakfast', 'Free Wi-Fi', 'Parking', 'Outdoor pool', 'Air conditioning', 'Fitness centre', 'Bar', 'Restaurant']","IDR 504,242"
107,LUMINOR HOTEL KOTA,3-star hotel,4.5,"(1,775)","['Free breakfast', 'Free Wi-Fi', 'Free parking', 'Air conditioning', 'Restaurant', 'Room service', 'Full-service laundry', 'Accessible']","IDR 525,000"
108,Grand Tropic Suites Hotel Jakarta,4-star hotel,4.2,"(3,583)","['Free breakfast', 'Free Wi-Fi', 'Free parking', 'Outdoor pool', 'Hot tub', 'Air conditioning', 'Spa', 'Kitchen in some rooms']","IDR 461,631"
109,Cabin Hotel,3-star hotel,4.3,"(1,993)","['Free breakfast', 'Free Wi-Fi', 'Free parking', 'Air conditioning', 'Restaurant', 'Room service', 'Full-service laundry', 'Accessible']","IDR 350,516"
110,Horison Falatehan Jakarta,3-star hotel,4.1,"(1,807)","['Breakfast', 'Free Wi-Fi', 'Parking', 'Air conditioning', 'Restaurant', 'Room service', 'Full-service laundry', 'Child-friendly']","IDR 270,373"
111,Swiss-Belresidences Kalibata,4-star hotel,4.7,"(11,067)","['Breakfast', 'Free Wi-Fi', 'Free parking', 'Outdoor pool', 'Air conditioning', 'Fitness centre', 'Spa', 'Restaurant']","IDR 562,926"
112,Whiz Hotel Falatehan Jakarta,2-star hotel,4.1,(676),"['Free breakfast', 'Free Wi-Fi', 'Free parking', 'Air conditioning', 'Restaurant', 'Room service', 'Full-service laundry', 'Child-friendly']","IDR 437,471"
113,ibis budget Jakarta Cikini,2-star hotel,4.2,"(3,552)","['Breakfast', 'Free Wi-Fi', 'Free parking', 'Air conditioning', 'Restaurant', 'Room service', 'Full-service laundry', 'Accessible']","IDR 357,391"
114,Hotel Bidakara Jakarta,4-star hotel,4.5,"(6,787)","['Free breakfast', 'Free Wi-Fi', 'Free parking', 'Outdoor pool', 'Air conditioning', 'Fitness centre', 'Spa', 'Restaurant']","IDR 509,670"
115,Liberty Hotel Thamrin Jakarta,3-star hotel,4.4,(851),"['Free breakfast', 'Free Wi-Fi', 'Free parking', 'Air conditioning', 'Restaurant', 'Room service', 'Full-service laundry', 'Accessible']","IDR 408,795"
116,POP! Hotel Kemang - Jakarta,2-star hotel,4.2,"(1,963)","['Breakfast', 'Free Wi-Fi', 'Free parking', 'Air conditioning', 'Restaurant', 'Room service', 'Full-service laundry', 'Accessible']","IDR 265,005"
117,Grand Orchardz Kemayoran,4-star hotel,4.6,"(2,394)","['Free breakfast', 'Free Wi-Fi', 'Free parking', 'Air conditioning', 'Spa', 'Restaurant', 'Room service', 'Full-service laundry']","IDR 593,829"
118,Oasis Amir Hotel,4-star hotel,4.1,"(3,870)","['Breakfast', 'Free Wi-Fi', 'Free parking', 'Pool', 'Hot tub', 'Air conditioning', 'Spa', 'Restaurant']","IDR 437,471"
119,Ashley Wahid Hasyim Jakarta,4-star hotel,4.5,"(4,664)","['Free breakfast', 'Free Wi-Fi', 'Free parking', 'Air conditioning', 'Fitness centre', 'Bar', 'Restaurant', 'Airport shuttle']","IDR 678,618"
120,"Holiday Inn Express Jakarta Wahid Hasyim, an IHG Hotel",3-star hotel,4.4,"(2,570)","['Free breakfast', 'Free Wi-Fi', 'Free parking', 'Air conditioning', 'Fitness centre', 'Bar', 'Restaurant', 'Room service']","IDR 542,554"
121,The Westin Jakarta,5-star hotel,4.7,"(12,886)","['Breakfast ($)', 'Free Wi-Fi', 'Parking ($)', 'Indoor pool', 'Hot tub', 'Air conditioning', 'Fitness centre', 'Spa']","IDR 4,072,114"
122,Dafam Express Jaksa Jakarta,2-star hotel,4.4,(413),"['Free breakfast', 'Free Wi-Fi', 'Free parking', 'Air conditioning', 'Restaurant', 'Room service', 'Full-service laundry']","IDR 283,153"
123,POP! Hotel Airport Jakarta,2-star hotel,3.8,"(3,252)","['Free breakfast', 'Free Wi-Fi', 'Free parking', 'Air conditioning', 'Restaurant', 'Room service', 'Airport shuttle']","IDR 285,816"
124,favehotel Zainul Arifin,3-star hotel,4.3,"(1,718)","['Breakfast', 'Free Wi-Fi', 'Free parking', 'Air conditioning', 'Restaurant', 'Room service', 'Full-service laundry', 'Accessible']","IDR 321,632"
125,Alia Matraman Hotel,2-star hotel,4.2,(821),"['Free breakfast', 'Free Wi-Fi', 'Free parking', 'Pool', 'Air conditioning', 'Restaurant', 'Room service', 'Full-service laundry']","IDR 300,000"
126,Rasuna Icon Hotel,3-star hotel,4.3,"(1,330)","['Breakfast', 'Free Wi-Fi', 'Free parking', 'Air conditioning', 'Fitness centre', 'Restaurant', 'Room service', 'Kitchen in rooms']","IDR 324,063"
127,LeGreen Suite Senayan,2-star hotel,3.9,(507),"['Free breakfast', 'Free Wi-Fi', 'Air conditioning', 'Full-service laundry', 'Child-friendly']","IDR 257,620"
128,Liberta Hotel Kemang,3-star hotel,4.1,"(2,449)","['Free breakfast', 'Free Wi-Fi', 'Parking', 'Outdoor pool', 'Air conditioning', 'Bar', 'Restaurant', 'Room service']","IDR 305,322"
129,Amaris Grogol,2-star hotel,4.3,"(1,415)","['Free breakfast', 'Free Wi-Fi', 'Free parking', 'Air conditioning', 'Restaurant', 'Room service', 'Full-service laundry', 'Child-friendly']","IDR 297,320"
130,Erian Hotel,3-star hotel,4.6,"(1,251)","['Breakfast ($)', 'Free Wi-Fi', 'Free parking', 'Air conditioning', 'Bar', 'Restaurant', 'Room service', 'Airport shuttle']","IDR 432,212"
131,Cordela Hotel Senen,2-star hotel,4.5,"(2,413)","['Breakfast', 'Free Wi-Fi', 'Free parking', 'Air conditioning', 'Restaurant', 'Room service', 'Airport shuttle', 'Full-service laundry']","IDR 387,681"
132,Casa Living,2-star hotel,4.2,(398),"['Free Wi-Fi', 'Air conditioning']","IDR 246,456"
133,Amaris Hotel Juanda Jakarta,2-star hotel,4.2,"(2,120)","['Free breakfast', 'Free Wi-Fi', 'Free parking', 'Air conditioning', 'Restaurant', 'Room service', 'Full-service laundry', 'Accessible']","IDR 361,140"
134,Ghurfati Hotel,3-star hotel,4.2,(655),"['Free Wi-Fi', 'Free parking', 'Air conditioning', 'Child-friendly']","IDR 110,880"
135,Tendean Residences,3-star hotel,4.5,(728),"['Free Wi-Fi', 'Free parking', 'Air conditioning', 'Full-service laundry', 'Child-friendly']","IDR 289,680"
136,Ascott Jakarta,4-star hotel,4.6,"(4,830)","['Breakfast', 'Free Wi-Fi', 'Free parking', 'Outdoor pool', 'Air conditioning', 'Pet-friendly', 'Fitness centre', 'Spa']","IDR 2,269,962"
137,Aloft Jakarta Wahid Hasyim,4-star hotel,4.5,"(2,471)","['Breakfast ($)', 'Free Wi-Fi', 'Free parking', 'Pools', 'Air conditioning', 'Fitness centre', 'Bar', 'Restaurant']","IDR 1,127,480"
138,Dreamtel Hotel Jakarta,3-star hotel,4.1,"(1,718)","['Free breakfast', 'Free Wi-Fi', 'Air conditioning', 'Restaurant', 'Room service', 'Full-service laundry', 'Child-friendly']","IDR 331,813"
139,Hotel Kuretakeso Kemang,3-star hotel,4.5,"(1,245)","['Free breakfast', 'Free Wi-Fi', 'Free parking', 'Pool', 'Hot tub', 'Air conditioning', 'Fitness centre', 'Spa']","IDR 461,191"
140,Sofyan Hotel Soepomo,3-star hotel,4.3,"(2,821)","['Free breakfast', 'Free Wi-Fi', 'Parking', 'Air conditioning', 'Restaurant', 'Room service', 'Full-service laundry', 'Accessible']","IDR 238,714"
141,Hotel Alma,2-star hotel,4.0,(787),"['Free breakfast', 'Free Wi-Fi', 'Free parking', 'Air conditioning', 'Room service', 'Full-service laundry', 'Child-friendly']","IDR 142,139"
142,Hotel Senen Indah,2-star hotel,4.2,"(1,272)","['Breakfast ($)', 'Free Wi-Fi', 'Free parking', 'Air conditioning', 'Restaurant', 'Room service', 'Airport shuttle', 'Full-service laundry']","IDR 176,040"
143,Amaris Hotel Senen,2-star hotel,4.1,"(1,418)","['Free breakfast', 'Free Wi-Fi', 'Free parking', 'Air conditioning', 'Restaurant', 'Room service', 'Full-service laundry', 'Child-friendly']","IDR 294,585"
144,Oakwood Premier Cozmo Jakarta,5-star hotel,4.5,"(3,288)","['Breakfast ($)', 'Free Wi-Fi', 'Free parking', 'Outdoor pool', 'Hot tub', 'Air conditioning', 'Fitness centre', 'Bar']","IDR 2,058,546"
145,Teraskita Hotel Jakarta Managed by Dafam,3-star hotel,4.4,"(6,421)","['Breakfast', 'Free Wi-Fi', 'Free parking', 'Air conditioning', 'Spa', 'Bar', 'Restaurant', 'Room service']","IDR 468,843"
146,Hotel 88 Mangga Besar VIII,2-star hotel,4.1,"(1,556)","['Free breakfast', 'Free Wi-Fi', 'Free parking', 'Air conditioning', 'Restaurant', 'Room service', 'Full-service laundry', 'Smoke-free property']","IDR 235,019"
147,Ascott Kuningan Jakarta,5-star hotel,4.7,"(1,986)","['Breakfast ($)', 'Free Wi-Fi', 'Parking ($)', 'Outdoor pool', 'Air conditioning', 'Fitness centre', 'Restaurant', 'Room service']","IDR 2,153,580"
148,Shalva Hotel Jakarta,3-star hotel,4.4,"(1,241)","['Free breakfast', 'Free Wi-Fi', 'Free parking', 'Air conditioning', 'Spa', 'Restaurant', 'Room service', 'Full-service laundry']","IDR 425,251"
149,Aryaduta Suites Semanggi,5-star hotel,4.5,"(6,807)","['Breakfast', 'Free Wi-Fi', 'Free parking', 'Outdoor pool', 'Hot tub', 'Air conditioning', 'Fitness centre', 'Spa']","IDR 836,028"
150,Amaris Hotel Tebet,2-star hotel,4.1,"(1,952)","['Breakfast', 'Free Wi-Fi', 'Free parking', 'Air conditioning', 'Restaurant', 'Room service', 'Full-service laundry', 'Accessible']","IDR 393,300"
151,favehotel Tanah Abang - Cideng,3-star hotel,4.3,"(2,311)","['Breakfast', 'Free Wi-Fi', 'Free parking', 'Air conditioning', 'Restaurant', 'Room service', 'Full-service laundry', 'Accessible']","IDR 274,414"
152,Hotel Diradja,3-star hotel,4.2,"(2,433)","['Breakfast', 'Free Wi-Fi', 'Free parking', 'Hot tub', 'Air conditioning', 'Spa', 'Restaurant', 'Room service']","IDR 335,638"
153,LeGreen Suite Kuningan,2-star hotel,4.1,(629),"['Free breakfast', 'Free Wi-Fi', 'Free parking', 'Air conditioning', 'Full-service laundry', 'Child-friendly']","IDR 272,317"
154,Ayaka Suites,3-star hotel,4.4,"(2,330)","['Free breakfast', 'Free Wi-Fi', 'Free parking', 'Outdoor pool', 'Air conditioning', 'Fitness centre', 'Spa', 'Restaurant']","IDR 411,153"
155,"The Mayflower, Jakarta - Marriott Executive Apartments",4-star hotel,4.7,(506),"['Breakfast ($)', 'Free Wi-Fi', 'Free parking', 'Indoor pool', 'Hot tub', 'Air conditioning', 'Fitness centre', 'Spa']","IDR 2,117,500"
156,Fraser Place Setiabudi,5-star hotel,4.6,"(1,766)","['Free breakfast', 'Free Wi-Fi', 'Free parking', 'Outdoor pool', 'Hot tub', 'Air conditioning', 'Fitness centre', 'Spa']","IDR 1,515,540"
157,MaxOneHotels.com @ Kramat,3-star hotel,4.3,"(1,980)","['Free breakfast', 'Free Wi-Fi', 'Free parking', 'Air conditioning', 'Restaurant', 'Room service', 'Airport shuttle', 'Full-service laundry']","IDR 243,326"
158,Hotel Horison Ciledug,3-star hotel,4.6,"(3,656)","['Breakfast ($)', 'Free Wi-Fi', 'Free parking', 'Outdoor pool', 'Air conditioning', 'Fitness centre', 'Bar', 'Restaurant']","IDR 436,941"
159,P Hotel,3-star hotel,4.2,(496),"['Free breakfast', 'Free Wi-Fi', 'Free parking', 'Air conditioning', 'Restaurant', 'Room service', 'Full-service laundry', 'Child-friendly']","IDR 257,242"
160,Amaris Hotel Pasar Baru,2-star hotel,4.3,"(1,508)","['Free breakfast', 'Free Wi-Fi', 'Free parking', 'Air conditioning', 'Restaurant', 'Room service', 'Full-service laundry', 'Child-friendly']","IDR 343,956"
161,Alila SCBD Jakarta,5-star hotel,4.6,"(1,113)","['Breakfast', 'Free Wi-Fi', 'Parking ($)', 'Outdoor pool', 'Hot tub', 'Air conditioning', 'Fitness centre', 'Bar']","IDR 4,183,601"
162,"Mandarin Oriental, Jakarta",5-star hotel,4.7,"(6,740)","['Breakfast', 'Wi-Fi', 'Free parking', 'Outdoor pool', 'Hot tub', 'Air conditioning', 'Fitness centre', 'Spa']","IDR 2,728,487"
163,MaxOneHotels.com @ Platinum Hayam Wuruk,3-star hotel,4.4,"(1,216)","['Breakfast', 'Free Wi-Fi', 'Free parking', 'Air conditioning', 'Restaurant', 'Room service', 'Airport shuttle', 'Full-service laundry']","IDR 342,146"
164,Ascott Sudirman Jakarta,4-star hotel,4.6,"(1,671)","['Breakfast', 'Free Wi-Fi', 'Free parking', 'Pool', 'Air conditioning', 'Fitness centre', 'Spa', 'Restaurant']","IDR 2,108,662"
165,Blue Sky Pandurata Boutique Hotel,3-star hotel,4.3,"(1,327)","['Breakfast', 'Free Wi-Fi', 'Free parking', 'Air conditioning', 'Restaurant', 'Room service', 'Full-service laundry', 'Child-friendly']","IDR 576,709"
166,Oakwood Suites La Maison Jakarta,5-star hotel,4.6,(145),"['Free Wi-Fi', 'Free parking', 'Outdoor pool', 'Hot tub', 'Air conditioning', 'Fitness centre', 'Restaurant', 'Kitchen in rooms']","IDR 1,824,187"
167,Hotel Maxim,2-star hotel,3.7,(580),"['Breakfast', 'Free Wi-Fi', 'Air conditioning', 'Restaurant', 'Airport shuttle', 'Full-service laundry', 'Child-friendly']",DEAL
168,Hotel Balairung Jakarta,3-star hotel,4.3,"(2,582)","['Breakfast', 'Free Wi-Fi', 'Free parking', 'Air conditioning', 'Restaurant', 'Room service', 'Full-service laundry', 'Accessible']","IDR 342,000"
169,Shakti,2-star hotel,4.3,"(1,182)","['Free Wi-Fi', 'Parking', 'Air conditioning', 'Restaurant', 'Room service', 'Business centre', 'Child-friendly']","IDR 255,000"
170,Puri Jaya Hotel,3-star hotel,4.0,"(1,165)","['Free Wi-Fi', 'Air conditioning', 'Restaurant', 'Room service', 'Full-service laundry', 'Child-friendly']",GREAT DEAL
171,MaxOneHotels.com @ Pemuda,3-star hotel,4.2,"(2,668)","['Breakfast', 'Free Wi-Fi', 'Parking', 'Air conditioning', 'Restaurant', 'Room service', 'Full-service laundry', 'Accessible']","IDR 373,796"
172,Losari Roxy Hotel,3-star hotel,4.0,(803),"['Free breakfast', 'Free Wi-Fi', 'Free parking', 'Air conditioning', 'Restaurant', 'Room service', 'Full-service laundry', 'Child-friendly']","IDR 169,065"
173,Amaris Hotel Pancoran,2-star hotel,4.3,"(1,751)","['Free breakfast', 'Free Wi-Fi', 'Free parking', 'Air conditioning', 'Restaurant', 'Room service', 'Full-service laundry', 'Child-friendly']","IDR 406,566"
174,Zodiak MT Haryono Hotel,3-star hotel,3.9,"(1,529)","['Free breakfast', 'Free Wi-Fi', 'Air conditioning', 'Restaurant', 'Room service', 'Full-service laundry', 'Child-friendly']","IDR 247,860"
175,Hotel Grand Menteng,3-star hotel,4.0,"(1,148)","['Free breakfast', 'Free Wi-Fi', 'Parking', 'Air conditioning', 'Spa', 'Bar', 'Restaurant', 'Room service']","IDR 325,611"
176,Sans Hotel Fiducia Kaji,3-star hotel,3.9,(432),"['Breakfast', 'Free Wi-Fi', 'Free parking', 'Air conditioning', 'Restaurant', 'Room service', 'Full-service laundry']",DEAL
177,d'primahotel Melawai,3-star hotel,4.1,(591),"['Free breakfast', 'Free Wi-Fi', 'Parking', 'Air conditioning', 'Restaurant', 'Room service', 'Full-service laundry', 'Child-friendly']","IDR 241,230"
178,"The Hermitage, a Tribute Portfolio Hotel, Jakarta",5-star hotel,4.6,"(3,785)","['Breakfast ($)', 'Free Wi-Fi', 'Free parking', 'Outdoor pool', 'Air conditioning', 'Fitness centre', 'Spa', 'Bar']","IDR 3,182,080"
179,V Hotel Tebet,2-star hotel,4.3,"(1,874)","['Free breakfast', 'Free Wi-Fi', 'Free parking', 'Air conditioning', 'Restaurant', 'Room service', 'Full-service laundry', 'Child-friendly']","IDR 339,151"
180,Fraser Residence Menteng Jakarta,5-star hotel,4.6,"(2,240)","['Free breakfast', 'Free Wi-Fi', 'Parking ($)', 'Outdoor pool', 'Hot tub', 'Air conditioning', 'Pet-friendly', 'Fitness centre']","IDR 1,205,253"
181,Sun Rise House,2-star hotel,4.3,(295),"['Free Wi-Fi', 'Outdoor pool', 'Air conditioning', 'Full-service laundry', 'Child-friendly']","IDR 187,246"
182,PAX Hotel Jakarta,3-star hotel,4.2,(414),"['Free Wi-Fi', 'Free parking', 'Air conditioning', 'Full-service laundry', 'Child-friendly']","IDR 261,504"
183,Sun Rise House,2-star hotel,4.3,(295),"['Free Wi-Fi', 'Outdoor pool', 'Air conditioning', 'Full-service laundry', 'Child-friendly']","IDR 187,246"
184,Cikini Hotel,2-star hotel,4.3,"(1,084)","['Free Wi-Fi', 'Free parking', 'Air conditioning', 'Room service', 'Full-service laundry', 'Child-friendly']","IDR 257,322"
185,Hotel Dragon Inn,2-star hotel,4.1,(861),"['Free breakfast', 'Free Wi-Fi', 'Free parking', 'Air conditioning', 'Restaurant', 'Room service', 'Full-service laundry', 'Child-friendly']","IDR 357,000"
186,Hotel Hollywood,3-star hotel,3.8,"(1,007)","['Free Wi-Fi', 'Air conditioning', 'Restaurant', 'Room service', 'Full-service laundry']",0
187,LeGreen Suite Tebet,2-star hotel,4.1,(480),"['Breakfast', 'Free Wi-Fi', 'Free parking', 'Air conditioning', 'Full-service laundry']","IDR 324,986"
188,OYO 181 Wisma Bintang,2-star hotel,3.9,(484),"['Free Wi-Fi', 'Air conditioning', 'Full-service laundry', 'Child-friendly']",GREAT DEAL
189,OYO 2223 J&b Room Utan Kayu,2-star hotel,3.6,(213),"['Free Wi-Fi', 'Free parking', 'Air conditioning']",GREAT DEAL
190,OYO 1868 J&b Room Pramuka,2-star hotel,3.6,(155),"['Wi-Fi', 'Free parking', 'Air conditioning']",DEAL
191,Studio One Hotel,2-star hotel,4.1,(603),"['Free breakfast', 'Free Wi-Fi', 'Air conditioning', 'Pet-friendly', 'Full-service laundry', 'Child-friendly']",0
192,B Shaw Hotel,3-star hotel,4.0,(414),"['Free Wi-Fi', 'Air conditioning']","IDR 169,290"
193,RedDoorz Premium @ Cilandak Timur 2,2-star hotel,4.5,(243),"['Free Wi-Fi', 'Outdoor pool']",GREAT DEAL
194,OYO 101 Apple Platinum,3-star hotel,4.4,(781),"['Free Wi-Fi', 'Free parking', 'Air conditioning', 'Child-friendly']","IDR 193,723"
195,The Gloria Suites Jakarta,3-star hotel,3.4,(171),"['Free breakfast', 'Free Wi-Fi', 'Free parking', 'Indoor pool', 'Air conditioning', 'Restaurant', 'Room service', 'Full-service laundry']",GREAT DEAL
196,Dequr,3-star hotel,3.9,(460),"['Breakfast', 'Free Wi-Fi', 'Free parking', 'Air conditioning', 'Restaurant', 'Room service', 'Full-service laundry', 'Child-friendly']",DEAL
197,Hotel Bulevar Tanjung Duren Jakarta,3-star hotel,3.6,"(1,134)","['Free breakfast', 'Free Wi-Fi', 'Free parking', 'Air conditioning', 'Restaurant', 'Room service', 'Full-service laundry', 'Child-friendly']","IDR 181,029"
198,OYO 266 Margonda Residence 5,2-star hotel,4.1,(191),"['Free Wi-Fi', 'Free parking', 'Outdoor pool', 'Air conditioning', 'Full-service laundry', 'Child-friendly']",GREAT DEAL
199,Batavia Apartments,4-star hotel,4.5,"(1,056)","['Free breakfast', 'Free Wi-Fi', 'Free parking', 'Outdoor pool', 'Hot tub', 'Air conditioning', 'Fitness centre', 'Restaurant']","IDR 708,873"
200,Cool Living,3-star hotel,4.8,(253),"['Free Wi-Fi', 'Free parking', 'Restaurant', 'Full-service laundry']","IDR 365,000"
201,OYO 3194 Margonda Executive,2-star hotel,3.6,(179),"['Free Wi-Fi', 'Free parking', 'Pool', 'Air conditioning']",GREAT DEAL
202,Hotel Caravan,3-star hotel,3.8,(562),"['Breakfast', 'Free Wi-Fi', 'Free parking', 'Air conditioning', 'Restaurant', 'Room service', 'Full-service laundry', 'Child-friendly']",DEAL
203,City Icon Residence,3-star hotel,4.0,(660),"['Breakfast', 'Free Wi-Fi', 'Free parking', 'Air conditioning', 'Restaurant', 'Full-service laundry']","IDR 128,096"
204,OYO Townhouse 2 Hotel Gunung Sahari,3-star hotel,4.2,(755),"['Free breakfast', 'Free Wi-Fi', 'Free parking', 'Outdoor pool', 'Air conditioning', 'Restaurant', 'Room service', 'Child-friendly']",GREAT DEAL
205,Nusantara Indah Hotel,3-star hotel,4.0,(443),"['Free breakfast', 'Free Wi-Fi', 'Free parking', 'Air conditioning', 'Restaurant', 'Room service', 'Airport shuttle', 'Full-service laundry']","IDR 204,480"
206,Hotel Tugu Asri,3-star hotel,3.9,(247),"['Breakfast', 'Free Wi-Fi', 'Air conditioning', 'Full-service laundry', 'Child-friendly']","IDR 115,365"
207,OYO 4005 Bunga Dahlia Guest House,3-star hotel,3.9,"(1,116)","['Free breakfast', 'Free Wi-Fi', 'Free parking', 'Pool', 'Air conditioning', 'Restaurant', 'Room service', 'Full-service laundry']","IDR 163,320"
208,OYO 3785 Kemayoran Residence,2-star hotel,2.8,(101),"['Wi-Fi', 'Free parking', 'Air conditioning']",GREAT DEAL
209,AMS Penthouse Hotel,2-star hotel,4.0,(485),"['Free Wi-Fi', 'Air conditioning', 'Full-service laundry']",DEAL
210,Gayatri Residence,2-star hotel,4.3,(44),"['Free Wi-Fi', 'Pool']","IDR 124,284"
211,Smart Hotel Thamrin Jakarta,2-star hotel,3.3,"(1,045)","['Breakfast', 'Free Wi-Fi', 'Air conditioning', 'Restaurant', 'Room service', 'Full-service laundry']","IDR 208,496"
212,"Urbanest Inn House Slipi - Exclusive Kost and Homestay | Jakarta Barat, Indonesia",3-star hotel,4.6,(440),"['Free Wi-Fi', 'Parking', 'Outdoor pool', 'Air conditioning']","IDR 197,936"
213,Capital O 126 Business Hotel,3-star hotel,3.9,"(1,179)","['Free Wi-Fi', 'Restaurant', 'Room service', 'Airport shuttle', 'Full-service laundry', 'Child-friendly']","IDR 176,790"
214,Hotel 55,2-star hotel,3.8,(780),"['Breakfast', 'Free Wi-Fi', 'Air conditioning', 'Restaurant', 'Room service', 'Full-service laundry', 'Child-friendly']","IDR 142,122"
215,OYO 1941 Aaa Residence Syariah,2-star hotel,4.3,(244),"['Free Wi-Fi', 'Air conditioning']",GREAT DEAL
216,Capital O 203 Prasada Mansion Sudirman,3-star hotel,4.2,"(1,709)","['Breakfast', 'Free Wi-Fi', 'Free parking', 'Air conditioning', 'Restaurant', 'Room service', 'Full-service laundry', 'Child-friendly']",DEAL
217,OYO 119 Belvena Hotel,3-star hotel,3.8,(634),"['Free Wi-Fi', 'Free parking', 'Air conditioning', 'Restaurant', 'Room service']","IDR 135,500"
218,Bold Hotel,2-star hotel,4.5,(828),"['Free Wi-Fi', 'Air conditioning', 'Full-service laundry', 'Child-friendly']","IDR 179,000"
219,Hotel 88 Mangga Besar 120.,2-star hotel,4.2,(889),"['Free breakfast', 'Free Wi-Fi', 'Free parking', 'Air conditioning', 'Restaurant', 'Room service', 'Full-service laundry', 'Child-friendly']","IDR 204,122"
220,Bobobox Kebayoran,3-star hotel,4.6,(643),"['Free Wi-Fi', 'Parking ($)', 'Air conditioning', 'Breakfast', 'Kitchen in some rooms', 'Accessible', 'Child-friendly']","IDR 175,733"
221,Hotel Istana Bungur,2-star hotel,3.7,(431),"['Breakfast', 'Free Wi-Fi', 'Free parking', 'Air conditioning', 'Restaurant', 'Full-service laundry']","IDR 127,322"
222,Urbanview Hotel Minongga Pondok Labu,2-star hotel,4.1,(462),['Free Wi-Fi'],GREAT DEAL
223,OYO Flagship 210 Amethyst Kemayoran,2-star hotel,4.3,"(1,595)","['Free Wi-Fi', 'Free parking', 'Air conditioning', 'Full-service laundry', 'Child-friendly']",DEAL
224,Oekude Residence,2-star hotel,4.2,(336),"['Free Wi-Fi', 'Air conditioning', 'Breakfast', 'Full-service laundry', 'Child-friendly', 'Smoke-free property']",GREAT DEAL
225,de green Residence gajahmada,3-star hotel,4.3,(301),"['Breakfast', 'Free Wi-Fi', 'Air conditioning', 'Full-service laundry', 'Child-friendly']","IDR 200,070"
226,Feodora Hotel grogol,3-star hotel,3.8,(611),"['Free breakfast', 'Free Wi-Fi', 'Free parking', 'Air conditioning', 'Restaurant', 'Room service', 'Full-service laundry', 'Child-friendly']",DEAL
227,OYO 180 Hotel Mirah,3-star hotel,3.9,(503),"['Free Wi-Fi', 'Free parking', 'Air conditioning', 'Restaurant', 'Room service', 'Airport shuttle', 'Full-service laundry']","IDR 200,172"
228,De 80's Pondok Labu,3-star hotel,4.1,(196),"['Free Wi-Fi', 'Air conditioning']","IDR 169,798"
229,The Legacy Residence Syariah,3-star hotel,4.4,(238),"['Free Wi-Fi', 'Free parking', 'Air conditioning', 'Breakfast', 'Restaurant', 'Full-service laundry', 'Smoke-free property']",GREAT DEAL
230,Urbanview Hotel Bes Mangga Besar,2-star hotel,3.9,(278),"['Free Wi-Fi', 'Air conditioning', 'Restaurant', 'Room service', 'Full-service laundry', 'Child-friendly']",DEAL
231,MK HOUSE TENDEAN,2-star hotel,4.4,(548),"['Free Wi-Fi', 'Air conditioning', 'Full-service laundry', 'Child-friendly']","IDR 113,154"
232,Hotel Istana Ratu,3-star hotel,3.6,(448),"['Free breakfast', 'Wi-Fi', 'Free parking', 'Air conditioning', 'Restaurant', 'Room service', 'Full-service laundry']","IDR 225,382"
233,Capsule Hotel New Batavia,2-star hotel,4.5,(490),"['Free breakfast', 'Free Wi-Fi', 'Parking ($)', 'Air conditioning', 'Bar', 'Restaurant', 'Kitchen in some rooms', 'Full-service laundry']","IDR 208,406"
234,MAVEN Buncit,3-star hotel,3.5,(514),"['Wi-Fi', 'Pool', 'Air conditioning', 'Restaurant']","IDR 163,746"
235,Jambrut Inn Hotel,2-star hotel,4.1,(202),"['Breakfast', 'Free Wi-Fi', 'Free parking', 'Air conditioning', 'Room service', 'Full-service laundry', 'Accessible', 'Child-friendly']",DEAL
236,OYO 141 Fatmawati Cozy Residence,2-star hotel,3.9,(194),"['Free Wi-Fi', 'Air conditioning', 'Child-friendly']","IDR 178,852"
237,City Style Residence,2-star hotel,4.1,(211),['Free Wi-Fi'],DEAL
238,Hotel Alamanda,2-star hotel,4.2,(320),"['Free breakfast', 'Free Wi-Fi', 'Free parking', 'Air conditioning', 'Restaurant', 'Room service', 'Child-friendly']","IDR 139,800"
239,Hotel Royal Juanda Jakarta Pusat,3-star hotel,3.8,(514),"['Free breakfast', 'Free Wi-Fi', 'Free parking', 'Air conditioning', 'Restaurant', 'Room service', 'Full-service laundry', 'Child-friendly']",DEAL
240,Lagura Residence Guest House,2-star hotel,4.1,(447),['Free Wi-Fi'],"IDR 194,000"
241,Nite & Day Hotel Jakarta Bandengan,3-star hotel,4.1,(720),"['Breakfast ($)', 'Free Wi-Fi', 'Free parking', 'Air conditioning', 'Restaurant', 'Room service', 'Airport shuttle', 'Full-service laundry']","IDR 158,638"
242,OYO 115 Portal Residence,2-star hotel,3.9,(55),['Free Wi-Fi'],"IDR 140,885"
243,OYO 176 Virgo Residence,2-star hotel,4.1,(107),"['Free Wi-Fi', 'Air conditioning']",GREAT DEAL
244,Urbanview Hotel Mroom PH,2-star hotel,3.9,(622),"['Free breakfast', 'Free Wi-Fi', 'Air conditioning', 'Restaurant', 'Room service', 'Full-service laundry', 'Child-friendly']","IDR 239,452"
245,Icorner Residence,2-star hotel,4.2,(344),"['Free Wi-Fi', 'Air conditioning']","IDR 191,474"
246,UniK Guest House,2-star hotel,4.3,(24),"['Free Wi-Fi', 'Free parking', 'Air conditioning']","IDR 160,000"
247,Bangka Bed and Breakfast,2-star hotel,4.3,(48),"['Free Wi-Fi', 'Air conditioning', 'Child-friendly']",DEAL
248,U Stay Hotel Gunung Sahari Jakarta,2-star hotel,3.7,(616),"['Breakfast', 'Free Wi-Fi', 'Air conditioning', 'Full-service laundry', 'Child-friendly']","IDR 137,210"
249,ZEN Rooms De 80's Ekonomi,2-star hotel,4.0,(207),"['Free Wi-Fi', 'Free parking', 'Air conditioning']","IDR 102,586"
250,OYO 989 Audah Guesthouse Syariah,3-star hotel,4.1,(639),"['Breakfast', 'Free Wi-Fi', 'Air conditioning', 'Child-friendly']",GREAT DEAL
251,N3 Hotel Zainul Arifin,2-star hotel,3.9,(380),"['Free breakfast', 'Free Wi-Fi', 'Free parking', 'Air conditioning', 'Room service', 'Full-service laundry', 'Child-friendly']","IDR 152,456"
252,RedDoorz Plus near Plaza Blok M,3-star hotel,4.3,(510),"['Free Wi-Fi', 'Free parking', 'Air conditioning', 'Full-service laundry', 'Child-friendly']","IDR 158,927"
253,Green Apple Residence RedPartner,2-star hotel,4.1,(164),"['Breakfast', 'Free Wi-Fi', 'Free parking', 'Air conditioning', 'Full-service laundry', 'Child-friendly']",GREAT DEAL
254,RedDoorz near Central Park Mall,2-star hotel,4.4,(191),['Free Wi-Fi'],"IDR 103,970"
255,Residence 100,2-star hotel,3.8,(345),"['Free Wi-Fi', 'Air conditioning', 'Restaurant', 'Child-friendly']","IDR 170,375"
256,Hotel Cempaka Sari,2-star hotel,3.9,(595),"['Free breakfast', 'Wi-Fi', 'Free parking', 'Air conditioning', 'Restaurant', 'Room service', 'Full-service laundry', 'Child-friendly']","IDR 149,999"
257,Hotel 678 Kemang,2-star hotel,4.1,(298),"['Free breakfast', 'Free Wi-Fi', 'Free parking', 'Hot tub', 'Air conditioning', 'Restaurant', 'Room service', 'Full-service laundry']",DEAL
258,OYO 136 Manggis Inn,3-star hotel,4.1,(496),"['Free Wi-Fi', 'Free parking', 'Air conditioning', 'Restaurant', 'Room service', 'Child-friendly']",DEAL
259,Villa Srimanganti,2-star hotel,4.3,(959),"['Free Wi-Fi', 'Free parking', 'Outdoor pool', 'Air conditioning', 'Breakfast', 'Child-friendly']",GREAT DEAL
260,Wonderloft Hostel,2-star hotel,4.5,(774),"['Breakfast ($)', 'Free Wi-Fi', 'Air conditioning', 'Parking', 'Airport shuttle', 'Full-service laundry']","IDR 155,903"
261,OYO 1805 Fatmawati Mansion Syariah,2-star hotel,4.1,(113),"['Free Wi-Fi', 'Full-service laundry']",GREAT DEAL
262,OYO 148 Cempaka Place Homestay,2-star hotel,4.0,(651),"['Free Wi-Fi', 'Air conditioning', 'Child-friendly']","IDR 132,253"
263,VK Pods Jakarta @PIK,2-star hotel,4.4,(111),"['Free Wi-Fi', 'Air conditioning']","IDR 157,420"
264,OYO 116 N Hotel,3-star hotel,3.7,(878),"['Free Wi-Fi', 'Free parking', 'Air conditioning', 'Restaurant', 'Child-friendly']","IDR 171,360"
265,de 80's genteng ijo,2-star hotel,4.3,(277),"['Free Wi-Fi', 'Air conditioning', 'Bar', 'Restaurant', 'Room service', 'Full-service laundry']","IDR 168,284"
266,OYO 297 45 Residence,2-star hotel,4.1,(337),"['Free Wi-Fi', 'Free parking', 'Air conditioning', 'Child-friendly']",GREAT DEAL
267,Hotel Lautze Indah,2-star hotel,3.7,(658),"['Free breakfast', 'Free Wi-Fi', 'Free parking', 'Air conditioning', 'Restaurant', 'Room service', 'Full-service laundry']","IDR 215,063"
268,RedDoorz near Hayam Wuruk,2-star hotel,3.2,(745),"['Free Wi-Fi', 'Free parking', 'Air conditioning']","IDR 94,941"
269,Uptown residence Pondok Pinang Jakarta Selatan,2-star hotel,3.7,(158),"['Free Wi-Fi', 'Free parking']","IDR 100,480"
270,RedDoorz near Mangga Dua Square,2-star hotel,3.4,(64),"['Free Wi-Fi', 'Free parking']",GREAT DEAL
271,RedDoorz @ Pangeran Antasari 2,2-star hotel,3.8,(342),"['Wi-Fi', 'Full-service laundry']","IDR 105,397"
272,K-Style Eco Hotel Jakarta,2-star hotel,4.0,(214),"['Free Wi-Fi', 'Parking', 'Air conditioning']","IDR 147,938"
273,RedDoorz Plus @ Jalan Pemuda Jakarta,3-star hotel,3.7,(496),"['Free Wi-Fi', 'Child-friendly']","IDR 100,740"
274,Puri Saras Bintaro Syariah,2-star hotel,4.0,(350),"['Wi-Fi', 'Air conditioning', 'Full-service laundry']",DEAL
275,RedDoorz Plus @ Guntur Raya Setiabudi,2-star hotel,4.2,(550),"['Free Wi-Fi', 'Restaurant', 'Room service', 'Full-service laundry', 'Child-friendly']","IDR 276,137"
276,Hotel Ro & Vi Boutique,3-star hotel,3.8,(498),"['Free breakfast', 'Free Wi-Fi', 'Air conditioning', 'Restaurant', 'Room service']","IDR 166,005"
277,New Priok Indah Syariah Hotel,2-star hotel,4.3,(235),"['Free breakfast', 'Free Wi-Fi', 'Free parking', 'Air conditioning']","IDR 137,157"
278,SPOT ON 3155 Penginapan Banyu Biru Syariah,2-star hotel,3.6,(220),"['Free Wi-Fi', 'Air conditioning']","IDR 64,356"
279,Wisma Gading Indah (WGI),3-star hotel,4.0,(852),"['Breakfast', 'Free Wi-Fi', 'Free parking', 'Air conditioning', 'Restaurant', 'Child-friendly']","IDR 99,202"
280,cityvilla,2-star hotel,3.9,(240),"['Free Wi-Fi', 'Free parking', 'Air conditioning', 'Full-service laundry', 'Child-friendly']","IDR 249,881"
281,RedDoorz Plus @ Kapuk Business Park,3-star hotel,3.6,(966),"['Free Wi-Fi', 'Room service']","IDR 141,705"
282,Ethan Hotel Cilincing Plaza,5-star hotel,4.0,(255),"['Free Wi-Fi', 'Free parking', 'Air conditioning', 'Full-service laundry', 'Child-friendly']","IDR 206,167"
283,Big Hotel Jakarta,3-star hotel,4.7,(7),"['Free Wi-Fi', 'Free parking']",0
284,MK House SCBD,2-star hotel,4.3,(514),"['Free Wi-Fi', 'Free parking', 'Air conditioning', 'Full-service laundry', 'Child-friendly']","IDR 195,842"
285,Gracelil Mulia Abadi. PT ( My Hotel ),2-star hotel,4.0,(318),"['Free breakfast', 'Free Wi-Fi', 'Free parking', 'Air conditioning', 'Room service', 'Full-service laundry', 'Child-friendly']","IDR 152,209"
286,OYO 137 Permata Tawakal,2-star hotel,4.0,(332),"['Free Wi-Fi', 'Child-friendly']","IDR 103,592"
287,City Biz Residence,2-star hotel,3.9,(209),"['Free Wi-Fi', 'Free parking', 'Air conditioning']","IDR 131,634"
288,Hotel Al-Hakim,3-star hotel,3.9,(508),"['Free breakfast', 'Free Wi-Fi', 'Free parking', 'Indoor pool', 'Air conditioning', 'Room service', 'Full-service laundry', 'Child-friendly']",GREAT DEAL
289,N1 Hotel Tanah Abang,2-star hotel,3.8,(873),"['Free breakfast', 'Free Wi-Fi', 'Free parking', 'Air conditioning', 'Restaurant', 'Room service', 'Full-service laundry', 'Child-friendly']","IDR 145,350"
